{
  "-28.760833,17.730278": 166.0,
  "-26.861111,28.884722": 1525.0,
  "-26.45,28.085833": 1476.0,
  "-27.671111,27.236944": 1343.0,
  "-27.356667,27.286389": 1361.0,
  "-27.010111,26.698083": 1291.0,
  "-25.127778,27.628889": 959.0,
  "-25.20639,27.558": 956.0,
  "-24.69514,27.40906": 915.0,
  "-26.984722,26.632278": 1290.0,
  "-28.141944,26.417778": 1269.0,
  "-27.398611,26.614722": 1257.0,
  "-33.501667,21.624167": 240.0,
  "-32.502778,19.535833": 383.0,
  "-25.459639,28.264306": 1098.0,
  "-27.495556,26.074722": 1253.0,
  "-26.648056,27.089444": 1357.0,
  "-26.970278,27.211111": 1326.0,
  "-27.389722,26.463889": 1249.0,
  "-27.044444,27.005": 1311.0,
  "-30.830556,26.921389": 1328.0,
  "-27.00222,28.76528": 1497.0,
  "-27.02314,28.59389": 1493.0,
  "-30.679722,26.7125": 1298.0,
  "-30.160091,27.40124": 1416.0,
  "-32.595833,19.009444": 157.0,
  "-25.99136,27.84208": 1365.0,
  "-26.73806,27.59194": 1417.0,
  "-30.860139,29.07125": 825.0,
  "-25.73411,27.21422": 1451.0,
  "-29.160278,26.573333": 1339.0,
  "-34.250556,20.9925": 31.0,
  "-25.810483,27.909552": 1184.0,
  "-27.273889,28.49": 1502.0,
  "-27.4275,28.525833": 1513.0,
  "-28.883333,27.89": 1551.0,
  "-30.534167,24.961944": 1221.0,
  "-28.460833,21.248889": 796.0,
  "-29.658056,25.973333": 1324.0,
  "-25.513889,31.224444": 441.0,
  "-31.554722,29.245556": 234.0,
  "-28.058889,30.373611": 1142.0,
  "-25.681111,31.783333": 205.0,
  "-27.802778,28.768333": 1562.0,
  "-31.104278,29.399722": 381.0,
  "-31.396,29.2651": 113.0,
  "-33.38056,19.30167": 442.0,
  "-33.313889,19.074722": 92.0,
  "-24.396194,27.089833": 889.0,
  "-26.880278,26.965": 1302.0,
  "-27.3,28.586944": 1513.0,
  "-30.568333,29.422778": 1249.0,
  "-30.570833,29.150556": 1357.0,
  "-34.031944,22.053333": 54.0,
  "-33.13083,18.86278": 31.0,
  "-33.7075,18.974444": 99.0,
  "-25.578778,29.127472": 1163.0,
  "-26.006389,29.253889": 1512.0,
  "-30.775867,29.032217": 900.0,
  "-24.925278,29.324444": 839.0,
  "-24.679167,30.8025": 1110.0,
  "-25.49037,30.6986": 828.0,
  "-33.818056,19.694722": 170.0,
  "-33.897778,20.012778": 137.0,
  "-34.065833,20.404167": 64.0,
  "-24.058889,31.237222": 284.0,
  "-34.092222,21.295278": 96.0,
  "-27.363611,31.783333": 165.0,
  "-34.329722,18.990278": 8.0,
  "-23.281,30.543056": 479.0,
  "-28.801278,31.955389": 10.0,
  "-29.140556,31.391944": 29.0,
  "-27.169444,29.233889": 1526.0,
  "-27.573056,24.746389": 1094.0,
  "-28.69485,28.23487": 1598.0,
  "-34.039722,22.133333": 8.0,
  "-28.068333,31.55": 242.0,
  "-29.7775,29.470833": 1471.0,
  "-29.987778,29.851667": 1004.0,
  "-29.744167,29.905833": 917.0,
  "-25.436111,31.982222": 114.0,
  "-25.67386,31.57527": 277.0,
  "-30.733889,29.828333": 621.0,
  "-30.398056,30.601944": 65.0,
  "-22.437722,31.078056": 259.0,
  "-29.803611,30.516111": 604.0,
  "-29.641944,30.6875": 267.0,
  "-33.980556,21.653333": 47.0,
  "-22.769722,30.886944": 429.0,
  "-23.763056,27.908611": 881.0,
  "-23.235722,27.717": 797.0,
  "-28.445556,32.325": 11.0,
  "-30.336111,27.359444": 1384.0,
  "-22.91028,29.61111": 735.0,
  "-24.183889,30.823889": 371.0,
  "-23.658056,31.05": 329.0,
  "-22.225556,29.990556": 426.0,
  "-26.03611,30.99778": 751.0,
  "-28.404444,30.013056": 1084.0,
  "-29.380556,30.2775": 1071.0,
  "-31.031389,28.883333": 825.0,
  "-28.747778,31.745833": 54.0,
  "-24.282222,28.090278": 1136.0,
  "-30.27402,30.69602": 34.0,
  "-28.338333,31.373611": 444.0,
  "-28.735556,29.820556": 954.0,
  "-27.602222,29.942778": 1214.0,
  "-28.116667,26.725278": 1289.0,
  "-26.905,32.324722": 39.0,
  "-28.75,30.442778": 536.0,
  "-29.161667,30.629722": 961.0,
  "-34.075556,20.145556": 122.0,
  "-27.5275,30.858056": 961.0,
  "-25.398889,31.610556": 249.0,
  "-25.362222,31.956667": 153.0,
  "-24.034167,31.123611": 332.0,
  "-24.99328,30.81444": 1226.0,
  "-25.149444,31.940556": 160.0,
  "-27.937778,31.209444": 633.0,
  "-31.000833,26.353056": 1378.0,
  "-25.447222,30.711667": 808.0,
  "-27.902778,24.615556": 1053.0,
  "-31.5653,18.3306": 8.0,
  "-30.135739,30.674222": 42.0,
  "-24.768889,31.39": 362.0,
  "-22.548889,28.898056": 657.0,
  "-22.935,28.004167": 780.0,
  "-31.860278,18.6875": 32.0,
  "-29.161667,23.696389": 986.0,
  "-24.9675,31.516667": 287.0,
  "-29.042222,24.6": 1111.0,
  "-28.376944,24.303056": 1013.0,
  "-29.028629,24.638389": 1111.0,
  "-24.670833,28.560833": 1148.0,
  "-28.1175,26.719444": 1283.0,
  "-29.033333,23.983333": 1004.0,
  "-34.405833,19.600556": 56.0,
  "-28.96362,19.15486": 305.0,
  "-34.005833,22.351111": 138.0,
  "-34.02861,22.22222": 5.0,
  "-27.935,26.126667": 1253.0,
  "-27.4,26.624722": 1256.0,
  "nan,30.6875": null,
  "-31.436944,20.474722": 1028.0,
  "-28.7115,24.072889": 1003.0,
  "-29.1825,23.575556": 968.0,
  "-29.615556,27.065278": 1435.0,
  "-31.394444,20.947222": 1047.0,
  "-29.651389,22.746389": 949.0,
  "-28.768056,20.720556": 662.0,
  "-29.758889,30.935278": 181.0,
  "-33.722667,18.616917": 27.0,
  "-33.970833,22.548333": 95.0,
  "-23.838611,31.640833": 211.0,
  "-33.870833,20.003333": 138.0,
  "-33.464444,18.740556": 127.0,
  "-33.088833,19.218783": 656.0,
  "-32.94583,18.33667": 18.0,
  "-32.601389,18.750556": 52.0,
  "-28.308889,31.9025": 66.0,
  "-24.958611,29.395278": 846.0,
  "-26.619444,27.980833": 1438.0,
  "-26.510278,28.351389": 1516.0,
  "-32.043333,27.822778": 780.0,
  "-33.329167,26.0775": 271.0,
  "-32.991639,27.640028": 160.0,
  "-34.096389,24.439167": 37.0,
  "-32.000556,28.581667": 332.0,
  "-32.08639,25.57556": 898.0,
  "-33.185361,27.39075": 7.0,
  "-33.731111,24.618333": 112.0,
  "-31.905,25.43": 983.0,
  "-32.515278,28.015556": 148.0,
  "-32.579167,27.366667": 812.0,
  "-31.903056,25.482222": 971.0,
  "-32.802778,27.856389": 195.0,
  "-33.771111,25.386667": 41.0,
  "-33.202778,24.235556": 506.0,
  "-32.605278,25.885": 631.0,
  "-33.001667,25.161389": 338.0,
  "-33.094444,25.012778": 270.0,
  "-34.0325,24.196389": 63.0,
  "-32.761111,26.629444": 437.0,
  "-33.506389,26.744722": 45.0,
  "-32.173889,27.3725": 668.0,
  "-32.713889,26.296667": 573.0,
  "-33.23778,26.99472": 36.0
}